Word,Definition
Tree,"Is green, it has branches, and it grows from a seed."
River,"It flows endlessly, carving paths through land, and reflects the sky."
Fire,"It dances with heat, consumes its fuel, and turns darkness to light."
Clock,"It ticks and tocks, marking the moments, never stopping its race."
Book,"It holds stories and knowledge, bound by a cover, and read by the curious."
Mountain,"It stands tall, reaching for the sky, and its peak kisses the clouds."
Ocean,"Vast and deep, it whispers with waves and hides treasures beneath."
Flower,"It blooms with colors, drinks from the sun, and sways in the breeze."
Cloud,"It drifts through the sky, soft and white, but sometimes brings rain."
Star,"It glimmers far away, a tiny light in the dark, guiding the lost."
Moon,"It shines at night, borrowing light from the sun, and watches over the tides."
Sun,"It blazes with light, warms the world, and rises each morning."
Stone,"Solid and unyielding, it rests on the ground and tells stories of the earth."
Bridge,"It spans over water or land, connecting places and carrying footsteps."
House,"A shelter with walls, it holds memories and provides comfort."
Road,"It stretches ahead, guiding travelers to their destinations."
Forest,"Dense with trees and mystery, it whispers with the wind and shelters life."
Lamp,"It glows softly, chasing away shadows and guiding the night."
Window,"It lets light in, framing views of the world outside."
Chair,"It stands with four legs, offering a place to rest or reflect."
Table,"It stands sturdy, holding meals, work, or memories upon its surface."
Pencil,"It writes thoughts and dreams, leaving a trail of graphite or ink."
Paper,"A blank canvas for ideas, it waits patiently to be filled."
Mirror,"It reflects the world, showing truth or illusion to those who look."
Candle,"It flickers gently, bringing warmth and light as it melts away."
Glass,"It is clear and fragile, holding liquid or capturing light."
Bottle,"It holds liquids inside, sealed until its contents are needed."
Door,"It opens to new spaces, connecting rooms or the great outdoors."
Path,"It leads the way, winding through unknowns, asking to be followed."
Shadow,"It follows closely, mimicking movements but fading in the dark."
Rain,"It falls from the sky, refreshing the earth and feeding the rivers."
Snow,"Soft and white, it blankets the world, transforming it into silence."
Ice,"Cold and solid, it glistens in the sun and creaks underfoot."
Wind,"Invisible but felt, it whispers through trees and carries scents."
Storm,"A fierce display of nature, it roars with thunder and flashes with lightning."
Fog,"A veil that shrouds the world, softening edges and hiding distances."
Light,"It brightens the darkness, revealing the hidden and guiding the lost."
Music,"A symphony of sound, it stirs the soul and lingers in memory."
Bell,"It rings with clarity, marking moments or calling for attention."
Tower,"It rises tall, reaching toward the heavens and watching over the land."
Castle,"A grand fortress of stone, it holds history, secrets, and royal dreams."
Garden,"A vibrant place where flowers bloom and nature is lovingly tended."
Field,"A wide expanse of open land, stretching under the sun or stars."
Farm,"A place where crops grow, animals roam, and life is cultivated."
Hill,"A gentle rise of earth, offering views of the land below."
Valley,"A low stretch of land, cradled between hills and often home to rivers."
Cave,"A hidden chamber in the earth, dark and mysterious, waiting to be explored."
Riverbank,"The edge where water meets land, a serene boundary of life and flow."
Waterfall,"A cascade of water tumbling from heights, roaring with energy and beauty."
Lake,"A still body of water, reflecting the sky and holding secrets below its surface."
Desert,"A vast expanse of sand, where the sun reigns and life finds resilience."
Beach,"Where land meets sea, with soft sands and the rhythm of tides."
Wave,"A rolling crest of water, it rises, crashes, and retreats endlessly."
Shell,"A delicate home once for a sea creature, now a treasure on the shore."
Feather,"Soft and light, it drifts on the wind, a gift from a bird."
Leaf,"Green and fragile, it gathers sunlight and whispers in the breeze."
Fruit,"Sweet and nourishing, it carries seeds and the promise of new life."
Seed,"Tiny but mighty, it holds the beginnings of growth within."
Root,"Buried deep, it anchors life and seeks sustenance from the earth."
Branch,"It stretches from the trunk, reaching out to touch the sky or ground."
Sand,"Tiny grains that shift with the wind, covering deserts and beaches alike."
Pebble,"A small stone, smoothed by time and water, often found along the shore."
Grass,"Soft and green, it carpets the earth and sways with the wind's whispers."
Fence,"It stands tall, marking boundaries and keeping the world at bay."
Gate,"It swings open, a barrier or an invitation, depending on its latch."
Key,"A small but powerful object, it unlocks doors to secrets and spaces."
Lock,"It holds fast, guarding entry, and only yields to its matching key."
Chain,"Linked together, it binds strength and holds things in place."
Rope,"Strong and flexible, it ties and secures, holding things close or pulling them forward."
Boat,"It floats on water, carrying people or goods from one shore to the next."
Ship,"A vessel that sails the seas, carrying people and goods across the waters."
Anchor,"It holds the ship in place, weighing it down and keeping it steady."
Net,"Woven strands that trap or catch, holding the promise of a catch or haul."
Basket,"A woven container, holding fruits, flowers, or treasures close."
Bookcase,"A sturdy structure for storing tales and knowledge, standing proud in a room."
Shelf,"A platform that holds objects in place, offering space for display or storage."
Curtain,"A fabric that shields the room from the sun, offering privacy and warmth."
Carpet,"A soft layer underfoot, offering comfort and warmth with each step."
Clocktower,"A tall structure that chimes, marking time with each toll and tower."
Ball,"A spherical object, bouncing with energy, a symbol of play and sport."
Balloon,"A light, floating object, filled with air or gas, drifting with the wind."
Kite,"It soars through the sky, tethered by a string, dancing on the breeze."
Ladder,"A series of steps reaching upward, offering a way to climb higher."
Helmet,"Worn for protection, it guards the head from danger in battle or sport."
Sword,"A sharp blade, used for combat or ceremony, held in a warrior's grip."
Shield,"A protective barrier, carried in battle, deflecting blows with strength."
Crown,"A regal symbol, worn upon the head, marking authority and sovereignty."
Scepter,"A symbol of power, often held by rulers, shining with authority and control."
Lantern,"A source of light, often carried in the dark, illuminating the path ahead."
Flame,"A dancing light that flickers and burns, consuming fuel to shine bright."
Smoke,"A swirling mist that rises, drifting through the air, carrying scent or danger."
Ash,"The remains of something burned, soft and grey, a trace of fire's passage."
Wheel,"A circular object that spins, enabling motion and carrying us forward."
Axle,"A rod or shaft that supports rotation, connecting the wheel to the machine."
Cart,"A vehicle with wheels, used to carry goods or passengers over land."
Bridge,"A structure spanning a gap, allowing passage over water or obstacles."
